{
  "summary": {
    "total_trades": 2,
    "win_rate": 100.0,
    "profit_factor": Infinity,
    "total_return": 2038.883999999998,
    "max_drawdown": 0.0,
    "sharpe_ratio": 158.15144692999885,
    "sortino_ratio": 0.0,
    "avg_trade": 10.19441999999999,
    "avg_win": 1019.441999999999,
    "avg_loss": 0,
    "largest_win": 0.0,
    "largest_loss": 0.0,
    "winning_trades": 2,
    "losing_trades": 0,
    "consecutive_wins": 0,
    "consecutive_losses": 0
  },
  "performance_metrics": {
    "NSE_EQ|INE070D01027_5MR_1ST_ENTRY": {
      "total_signals": 0,
      "total_trades": 2,
      "winning_trades": 2,
      "losing_trades": 0,
      "win_rate": 100.0,
      "profit_factor": Infinity,
      "total_profit": 2038.883999999998,
      "total_loss": 0,
      "average_win": 1019.441999999999,
      "average_loss": 0,
      "overall_pnl": 2038.883999999998,
      "profit_percentage": 2.038883999999998,
      "loss_percentage": 0.0,
      "expectancy": 1019.441999999999,
      "net_pnl": 2038.883999999998,
      "average_r": 10.19441999999999,
      "max_drawdown": 0.0,
      "sharpe_ratio": 158.15144692999885
    },
    "overall": {
      "total_signals": 0,
      "total_trades": 2,
      "winning_trades": 2,
      "losing_trades": 0,
      "win_rate": 100.0,
      "profit_factor": Infinity,
      "total_profit": 2038.883999999998,
      "total_loss": 0,
      "average_win": 1019.441999999999,
      "average_loss": 0,
      "overall_pnl": 2038.883999999998,
      "profit_percentage": 2.038883999999998,
      "loss_percentage": 0.0,
      "expectancy": 1019.441999999999,
      "net_pnl": 2038.883999999998,
      "average_r": 10.19441999999999,
      "max_drawdown": 0.0,
      "sharpe_ratio": 158.15144692999885
    }
  },
  "equity_curve": {
    "timestamps": [],
    "equity_values": [],
    "drawdowns": [],
    "max_drawdown": 0.0,
    "final_equity": 100000.0
  },
  "recommendations": []
}