{
  "summary": {
    "total_trades": 5,
    "win_rate": 100.0,
    "profit_factor": Infinity,
    "total_return": 2799.7931499999972,
    "max_drawdown": 0.0,
    "sharpe_ratio": 1.1697937943091994,
    "sortino_ratio": 0.0,
    "avg_trade": 5.596053758336632,
    "avg_win": 559.9586299999994,
    "avg_loss": 0.0,
    "largest_win": 0.0,
    "largest_loss": 0.0,
    "winning_trades": 5,
    "losing_trades": 0,
    "consecutive_wins": 0,
    "consecutive_losses": 0
  },
  "performance_metrics": {
    "NSE_EQ|INE070D01027_5MR_1ST_ENTRY": {
      "total_signals": 0,
      "total_trades": 5,
      "winning_trades": 5,
      "losing_trades": 0,
      "win_rate": 100.0,
      "profit_factor": Infinity,
      "total_profit": 2799.7931499999972,
      "total_loss": 0.0,
      "average_win": 559.9586299999994,
      "average_loss": 0.0,
      "overall_pnl": 2799.7931499999972,
      "profit_percentage": 2.799793149999997,
      "loss_percentage": 0.0,
      "expectancy": 559.9586299999994,
      "net_pnl": 2799.7931499999972,
      "average_r": 5.596053758336632,
      "max_drawdown": 0.0,
      "sharpe_ratio": 1.1697937943091994
    },
    "overall": {
      "total_signals": 0,
      "total_trades": 5,
      "winning_trades": 5,
      "losing_trades": 0,
      "win_rate": 100.0,
      "profit_factor": Infinity,
      "total_profit": 2799.7931499999972,
      "total_loss": 0.0,
      "average_win": 559.9586299999994,
      "average_loss": 0.0,
      "overall_pnl": 2799.7931499999972,
      "profit_percentage": 2.799793149999997,
      "loss_percentage": 0.0,
      "expectancy": 559.9586299999994,
      "net_pnl": 2799.7931499999972,
      "average_r": 5.596053758336632,
      "max_drawdown": 0.0,
      "sharpe_ratio": 1.1697937943091994
    }
  },
  "equity_curve": {
    "timestamps": [],
    "equity_values": [],
    "drawdowns": [],
    "max_drawdown": 0.0,
    "final_equity": 100000.0
  },
  "recommendations": []
}