{
  "summary": {
    "total_trades": 40,
    "win_rate": 82.5,
    "profit_factor": 17.87805412504901,
    "total_return": 15934.73967999998,
    "max_drawdown": 0.0027825589206489846,
    "sharpe_ratio": 1.0386207964069094,
    "sortino_ratio": 0.0,
    "avg_trade": 3.9840530571740693,
    "avg_win": 511.48029333333267,
    "avg_loss": 134.8728571428568,
    "largest_win": 0.0,
    "largest_loss": 0.0,
    "winning_trades": 33,
    "losing_trades": 7,
    "consecutive_wins": 0,
    "consecutive_losses": 0
  },
  "performance_metrics": {
    "NSE_EQ|INE070D01027_5MR_1ST_ENTRY": {
      "total_signals": 0,
      "total_trades": 40,
      "winning_trades": 33,
      "losing_trades": 7,
      "win_rate": 82.5,
      "profit_factor": 17.87805412504901,
      "total_profit": 16878.849679999978,
      "total_loss": 944.1099999999975,
      "net_pnl": 15934.73967999998,
      "average_r": 3.9840530571740693,
      "average_duration": 2.985416666666667e-05,
      "max_drawdown": 0.0027825589206489846,
      "sharpe_ratio": 1.0386207964069094,
      "average_win": 511.48029333333267,
      "average_loss": 134.8728571428568
    },
    "overall": {
      "total_signals": 0,
      "total_trades": 40,
      "winning_trades": 33,
      "losing_trades": 7,
      "win_rate": 82.5,
      "profit_factor": 17.87805412504901,
      "total_profit": 16878.849679999978,
      "total_loss": 944.1099999999975,
      "net_pnl": 15934.73967999998,
      "average_r": 3.9840530571740693,
      "average_duration": 2.985416666666667e-05,
      "max_drawdown": 0.0027825589206489846,
      "sharpe_ratio": 1.0386207964069094,
      "average_win": 511.48029333333267,
      "average_loss": 134.8728571428568
    }
  },
  "equity_curve": {
    "timestamps": [],
    "equity_values": [],
    "drawdowns": [],
    "max_drawdown": 0.0,
    "final_equity": 100000.0
  },
  "recommendations": []
}