{
  "summary": {
    "total_trades": 20,
    "win_rate": 95.0,
    "profit_factor": 1393.2220182072278,
    "total_return": 9940.465209999984,
    "max_drawdown": 6.499630104912309e-05,
    "sharpe_ratio": 1.1643739158523714,
    "sortino_ratio": 0.0,
    "avg_trade": 4.968854444385701,
    "avg_win": 523.5581689473676,
    "avg_loss": 7.140000000000271,
    "largest_win": 0.0,
    "largest_loss": 0.0,
    "winning_trades": 19,
    "losing_trades": 1,
    "consecutive_wins": 0,
    "consecutive_losses": 0
  },
  "performance_metrics": {
    "NSE_EQ|INE070D01027_5MR_1ST_ENTRY": {
      "total_signals": 0,
      "total_trades": 20,
      "winning_trades": 19,
      "losing_trades": 1,
      "win_rate": 95.0,
      "profit_factor": 1393.2220182072278,
      "total_profit": 9947.605209999983,
      "total_loss": 7.140000000000271,
      "average_win": 523.5581689473676,
      "average_loss": 7.140000000000271,
      "overall_pnl": 9940.465209999984,
      "profit_percentage": 9.947605209999983,
      "loss_percentage": 0.007140000000000271,
      "expectancy": 497.02326049999914,
      "net_pnl": 9940.465209999984,
      "average_r": 4.968854444385701,
      "max_drawdown": 6.499630104912309e-05,
      "sharpe_ratio": 1.1643739158523714
    },
    "overall": {
      "total_signals": 0,
      "total_trades": 20,
      "winning_trades": 19,
      "losing_trades": 1,
      "win_rate": 95.0,
      "profit_factor": 1393.2220182072278,
      "total_profit": 9947.605209999983,
      "total_loss": 7.140000000000271,
      "average_win": 523.5581689473676,
      "average_loss": 7.140000000000271,
      "overall_pnl": 9940.465209999984,
      "profit_percentage": 9.947605209999983,
      "loss_percentage": 0.007140000000000271,
      "expectancy": 497.02326049999914,
      "net_pnl": 9940.465209999984,
      "average_r": 4.968854444385701,
      "max_drawdown": 6.499630104912309e-05,
      "sharpe_ratio": 1.1643739158523714
    }
  },
  "equity_curve": {
    "timestamps": [],
    "equity_values": [],
    "drawdowns": [],
    "max_drawdown": 0.0,
    "final_equity": 100000.0
  },
  "recommendations": []
}