{
  "summary": {
    "total_trades": 18,
    "win_rate": 94.44444444444444,
    "profit_factor": 1385.9461078430825,
    "total_return": 9888.515209999985,
    "max_drawdown": 6.502705281439122e-05,
    "sharpe_ratio": 1.3145950952792425,
    "sortino_ratio": 0.0,
    "avg_trade": 5.492107775085767,
    "avg_win": 582.0973652941167,
    "avg_loss": 7.140000000000271,
    "largest_win": 0.0,
    "largest_loss": 0.0,
    "winning_trades": 17,
    "losing_trades": 1,
    "consecutive_wins": 0,
    "consecutive_losses": 0
  },
  "performance_metrics": {
    "NSE_EQ|INE070D01027_5MR_1ST_ENTRY": {
      "total_signals": 0,
      "total_trades": 18,
      "winning_trades": 17,
      "losing_trades": 1,
      "win_rate": 94.44444444444444,
      "profit_factor": 1385.9461078430825,
      "total_profit": 9895.655209999984,
      "total_loss": 7.140000000000271,
      "average_win": 582.0973652941167,
      "average_loss": 7.140000000000271,
      "overall_pnl": 9888.515209999985,
      "profit_percentage": 9.895655209999985,
      "loss_percentage": 0.007140000000000271,
      "expectancy": 549.3619561111102,
      "net_pnl": 9888.515209999985,
      "average_r": 5.492107775085767,
      "max_drawdown": 6.502705281439122e-05,
      "sharpe_ratio": 1.3145950952792425
    },
    "overall": {
      "total_signals": 0,
      "total_trades": 18,
      "winning_trades": 17,
      "losing_trades": 1,
      "win_rate": 94.44444444444444,
      "profit_factor": 1385.9461078430825,
      "total_profit": 9895.655209999984,
      "total_loss": 7.140000000000271,
      "average_win": 582.0973652941167,
      "average_loss": 7.140000000000271,
      "overall_pnl": 9888.515209999985,
      "profit_percentage": 9.895655209999985,
      "loss_percentage": 0.007140000000000271,
      "expectancy": 549.3619561111102,
      "net_pnl": 9888.515209999985,
      "average_r": 5.492107775085767,
      "max_drawdown": 6.502705281439122e-05,
      "sharpe_ratio": 1.3145950952792425
    }
  },
  "equity_curve": {
    "timestamps": [],
    "equity_values": [],
    "drawdowns": [],
    "max_drawdown": 0.0,
    "final_equity": 100000.0
  },
  "recommendations": []
}