{
  "summary": {
    "total_trades": 41,
    "win_rate": 82.92682926829268,
    "profit_factor": 18.338443528826115,
    "total_return": 16369.397919999981,
    "max_drawdown": 0.0027716063199331306,
    "sharpe_ratio": 1.0534676684109758,
    "sortino_ratio": 0.0,
    "avg_trade": 3.993001356592588,
    "avg_win": 509.22082117646994,
    "avg_loss": 134.8728571428568,
    "largest_win": 0.0,
    "largest_loss": 0.0,
    "winning_trades": 34,
    "losing_trades": 7,
    "consecutive_wins": 0,
    "consecutive_losses": 0
  },
  "performance_metrics": {
    "NSE_EQ|INE070D01027_5MR_1ST_ENTRY": {
      "total_signals": 0,
      "total_trades": 41,
      "winning_trades": 34,
      "losing_trades": 7,
      "win_rate": 82.92682926829268,
      "profit_factor": 18.338443528826115,
      "total_profit": 17313.50791999998,
      "total_loss": 944.1099999999975,
      "net_pnl": 16369.397919999981,
      "average_r": 3.993001356592588,
      "average_duration": 5.0913414634146345e-05,
      "max_drawdown": 0.0027716063199331306,
      "sharpe_ratio": 1.0534676684109758,
      "average_win": 509.22082117646994,
      "average_loss": 134.8728571428568
    },
    "overall": {
      "total_signals": 0,
      "total_trades": 41,
      "winning_trades": 34,
      "losing_trades": 7,
      "win_rate": 82.92682926829268,
      "profit_factor": 18.338443528826115,
      "total_profit": 17313.50791999998,
      "total_loss": 944.1099999999975,
      "net_pnl": 16369.397919999981,
      "average_r": 3.993001356592588,
      "average_duration": 5.0913414634146345e-05,
      "max_drawdown": 0.0027716063199331306,
      "sharpe_ratio": 1.0534676684109758,
      "average_win": 509.22082117646994,
      "average_loss": 134.8728571428568
    }
  },
  "equity_curve": {
    "timestamps": [],
    "equity_values": [],
    "drawdowns": [],
    "max_drawdown": 0.0,
    "final_equity": 100000.0
  },
  "recommendations": []
}