{
  "summary": {
    "total_trades": 63,
    "win_rate": 52.38095238095239,
    "profit_factor": 14.686966760641717,
    "total_return": 15729.609679999972,
    "max_drawdown": 0.0033722575399644864,
    "sharpe_ratio": 0.6898905048233291,
    "sortino_ratio": 0.0,
    "avg_trade": 2.497018178084998,
    "avg_win": 511.48029333333267,
    "avg_loss": 38.308000000000206,
    "largest_win": 0.0,
    "largest_loss": 0.0,
    "winning_trades": 33,
    "losing_trades": 30,
    "consecutive_wins": 0,
    "consecutive_losses": 0
  },
  "performance_metrics": {
    "NSE_EQ|INE070D01027_5MR_1ST_ENTRY": {
      "total_signals": 0,
      "total_trades": 63,
      "winning_trades": 33,
      "losing_trades": 30,
      "win_rate": 52.38095238095239,
      "profit_factor": 14.686966760641717,
      "total_profit": 16878.849679999978,
      "total_loss": 1149.2400000000061,
      "net_pnl": 15729.609679999972,
      "average_r": 2.497018178084998,
      "average_duration": 2.3527777777777777e-05,
      "max_drawdown": 0.0033722575399644864,
      "sharpe_ratio": 0.6898905048233291,
      "average_win": 511.48029333333267,
      "average_loss": 38.308000000000206
    },
    "overall": {
      "total_signals": 0,
      "total_trades": 63,
      "winning_trades": 33,
      "losing_trades": 30,
      "win_rate": 52.38095238095239,
      "profit_factor": 14.686966760641717,
      "total_profit": 16878.849679999978,
      "total_loss": 1149.2400000000061,
      "net_pnl": 15729.609679999972,
      "average_r": 2.497018178084998,
      "average_duration": 2.3527777777777777e-05,
      "max_drawdown": 0.0033722575399644864,
      "sharpe_ratio": 0.6898905048233291,
      "average_win": 511.48029333333267,
      "average_loss": 38.308000000000206
    }
  },
  "equity_curve": {
    "timestamps": [],
    "equity_values": [],
    "drawdowns": [],
    "max_drawdown": 0.0,
    "final_equity": 100000.0
  },
  "recommendations": []
}