{
  "summary": {
    "total_trades": 15,
    "win_rate": 100.0,
    "profit_factor": Infinity,
    "total_return": 9785.895209999988,
    "max_drawdown": 0.0,
    "sharpe_ratio": 1.7223468445499033,
    "sortino_ratio": 0.0,
    "avg_trade": 6.5220683225114815,
    "avg_win": 652.3930139999992,
    "avg_loss": 0,
    "largest_win": 0.0,
    "largest_loss": 0.0,
    "winning_trades": 15,
    "losing_trades": 0,
    "consecutive_wins": 0,
    "consecutive_losses": 0
  },
  "performance_metrics": {
    "NSE_EQ|INE070D01027_5MR_1ST_ENTRY": {
      "total_signals": 0,
      "total_trades": 15,
      "winning_trades": 15,
      "losing_trades": 0,
      "win_rate": 100.0,
      "profit_factor": Infinity,
      "total_profit": 9785.895209999988,
      "total_loss": 0,
      "net_pnl": 9785.895209999988,
      "average_r": 6.5220683225114815,
      "average_duration": 2.979222222222222e-05,
      "max_drawdown": 0.0,
      "sharpe_ratio": 1.7223468445499033,
      "average_win": 652.3930139999992,
      "average_loss": 0
    },
    "overall": {
      "total_signals": 0,
      "total_trades": 15,
      "winning_trades": 15,
      "losing_trades": 0,
      "win_rate": 100.0,
      "profit_factor": Infinity,
      "total_profit": 9785.895209999988,
      "total_loss": 0,
      "net_pnl": 9785.895209999988,
      "average_r": 6.5220683225114815,
      "average_duration": 2.979222222222222e-05,
      "max_drawdown": 0.0,
      "sharpe_ratio": 1.7223468445499033,
      "average_win": 652.3930139999992,
      "average_loss": 0
    }
  },
  "equity_curve": {
    "timestamps": [],
    "equity_values": [],
    "drawdowns": [],
    "max_drawdown": 0.0,
    "final_equity": 100000.0
  },
  "recommendations": []
}